{"cameraMode":{"drawMode":0,"name":"Shaded","section":"Shading Mode"},"sceneLighting":false,"audioPlay":false,"sceneViewState":{"m_AlwaysRefresh":false,"showFog":true,"showSkybox":false,"showFlares":true,"showImageEffects":true,"showParticleSystems":true,"showVisualEffectGraphs":true,"m_FxEnabled":true},"in2DMode":false,"pivot":{"x":0.625006914138794,"y":-0.7816309928894043,"z":-1.0714757442474366},"rotation":{"x":0.08789265900850296,"y":0.9120245575904846,"z":-0.28994300961494448,"w":0.27643394470214846},"size":0.8979785442352295,"orthographic":false}