{"cameraMode":{"drawMode":0,"name":"Shaded","section":"Shading Mode"},"sceneLighting":false,"audioPlay":false,"sceneViewState":{"m_AlwaysRefresh":false,"showFog":true,"showSkybox":false,"showFlares":true,"showImageEffects":true,"showParticleSystems":true,"showVisualEffectGraphs":true,"m_FxEnabled":true},"in2DMode":false,"pivot":{"x":-0.35320597887039187,"y":0.9400638341903687,"z":-0.7291601896286011},"rotation":{"x":-0.13940295577049256,"y":-0.1411777138710022,"z":0.02007083036005497,"w":-0.9799014925956726},"size":0.5772348046302795,"orthographic":false}