{"cameraMode":{"drawMode":0,"name":"Shaded","section":"Shading Mode"},"sceneLighting":false,"audioPlay":false,"sceneViewState":{"m_AlwaysRefresh":false,"showFog":true,"showSkybox":false,"showFlares":true,"showImageEffects":true,"showParticleSystems":true,"showVisualEffectGraphs":true,"m_FxEnabled":true},"in2DMode":false,"pivot":{"x":-7.450580596923828e-9,"y":0.4000000059604645,"z":1.4901161193847657e-8},"rotation":{"x":-0.24976399540901185,"y":-0.28303179144859316,"z":0.07658684998750687,"w":-0.9228344559669495},"size":0.17320513725280763,"orthographic":false}